CREATE DATABASE XQuest;

use XQuest;

CREATE TABLE CUSTOMERS(
ID INTEGER NOT NULL,
NAME VARCHAR(100) NOT NULL,
PRIMARY KEY (ID)
);

INSERT INTO CUSTOMERS (ID, NAME) VALUES (1000, 'Start Química');
INSERT INTO CUSTOMERS (ID, NAME) VALUES (1001, 'Super Frango');
INSERT INTO CUSTOMERS (ID, NAME) VALUES (1002, 'Irmãos Kehdi');
INSERT INTO CUSTOMERS (ID, NAME) VALUES (1003, 'Real Moto Peças');
INSERT INTO CUSTOMERS (ID, NAME) VALUES (1004, 'Andina Rio');
INSERT INTO CUSTOMERS (ID, NAME) VALUES (1005, 'Andina Chile');
INSERT INTO CUSTOMERS (ID, NAME) VALUES (1006, 'Solar');
INSERT INTO CUSTOMERS (ID, NAME) VALUES (1007, 'Brasal');

CREATE TABLE PRODUCTS(
ID INTEGER NOT NULL,
DESCRIPTION VARCHAR(100) NOT NULL,
ACTIVE BOOL NOT NULL,
PRIMARY KEY(ID)
);

INSERT INTO PRODUCTS (ID, DESCRIPTION, ACTIVE) VALUES (1, 'SFCoke', TRUE);
INSERT INTO PRODUCTS (ID, DESCRIPTION, ACTIVE) VALUES (2, 'MFCoke', TRUE);
INSERT INTO PRODUCTS (ID, DESCRIPTION, ACTIVE) VALUES (3, 'Landix Flex', TRUE);
INSERT INTO PRODUCTS (ID, DESCRIPTION, ACTIVE) VALUES (4, 'Landix SFV', TRUE);
INSERT INTO PRODUCTS (ID, DESCRIPTION, ACTIVE) VALUES (5, 'Landix RMP', FALSE);

CREATE TABLE LICENSE(
ID INTEGER NOT NULL,
CUSTOMERID  INTEGER NOT NULL,
PRODUCTID INTEGER NOT NULL,
TAG  VARCHAR(100) NOT NULL,
ACTIVE BOOL NOT NULL,
PRIMARY KEY(ID)
);
ALTER TABLE LICENSE ADD CONSTRAINT FK_LICCUST FOREIGN KEY (CUSTOMERID) REFERENCES CUSTOMERS(ID);
ALTER TABLE LICENSE ADD CONSTRAINT FK_LICPROD FOREIGN KEY (PRODUCTID) REFERENCES PRODUCTS(ID);

INSERT INTO LICENSE (ID, CUSTOMERID, PRODUCTID, TAG, ACTIVE) VALUES (5000, 1000, 4, 'ABC123', TRUE);
INSERT INTO LICENSE (ID, CUSTOMERID, PRODUCTID, TAG, ACTIVE) VALUES (5001, 1001, 4, '1ABC456', TRUE);
INSERT INTO LICENSE (ID, CUSTOMERID, PRODUCTID, TAG, ACTIVE) VALUES (5002, 1002, 3, 'A1BC748', TRUE);
INSERT INTO LICENSE (ID, CUSTOMERID, PRODUCTID, TAG, ACTIVE) VALUES (5003, 1003, 5, 'BDG145', FALSE);
INSERT INTO LICENSE (ID, CUSTOMERID, PRODUCTID, TAG, ACTIVE) VALUES (5004, 1004, 1, 'TES475', TRUE);
INSERT INTO LICENSE (ID, CUSTOMERID, PRODUCTID, TAG, ACTIVE) VALUES (5005, 1004, 2, 'UUUS414', TRUE);
INSERT INTO LICENSE (ID, CUSTOMERID, PRODUCTID, TAG, ACTIVE) VALUES (5006, 1005, 1, 'BBSER785', TRUE);
INSERT INTO LICENSE (ID, CUSTOMERID, PRODUCTID, TAG, ACTIVE) VALUES (5007, 1006, 1, '1KLS745', TRUE);
INSERT INTO LICENSE (ID, CUSTOMERID, PRODUCTID, TAG, ACTIVE) VALUES (5008, 1007, 1, 'LJSED855', TRUE);


CREATE TABLE EQUIPMENTMODELS(
ID INTEGER NOT NULL,
DESCRIPTION VARCHAR(100) NOT NULL,
PRIMARY KEY(ID)
);

INSERT INTO EQUIPMENTMODELS (ID, DESCRIPTION) VALUES (10, 'P SERIES');
INSERT INTO EQUIPMENTMODELS (ID, DESCRIPTION) VALUES (11, 'ZUK SERIES');
INSERT INTO EQUIPMENTMODELS (ID, DESCRIPTION) VALUES (12, 'MOTOROLA RAZR D1');
INSERT INTO EQUIPMENTMODELS (ID, DESCRIPTION) VALUES (13, 'LG OPTIMUS L3');
INSERT INTO EQUIPMENTMODELS (ID, DESCRIPTION) VALUES (14, 'SM-J500M');

CREATE TABLE OSVERSIONS(
ID INTEGER NOT NULL,
DESCRIPTION VARCHAR(100) NOT NULL,
PRIMARY KEY(ID)
);

INSERT INTO OSVERSIONS (ID, DESCRIPTION) VALUES (21, '4.4.1');
INSERT INTO OSVERSIONS (ID, DESCRIPTION) VALUES (22, '5.1');
INSERT INTO OSVERSIONS (ID, DESCRIPTION) VALUES (23, '6.0');
INSERT INTO OSVERSIONS (ID, DESCRIPTION) VALUES (24, '7.1.1');
INSERT INTO OSVERSIONS (ID, DESCRIPTION) VALUES (25, '8.0');

CREATE TABLE EQUIPMENTOS(
ID INTEGER NOT NULL,
DESCRIPTION VARCHAR(100) NOT NULL,
OSID INTEGER NOT NULL,
PRIMARY KEY(ID)
);
ALTER TABLE EQUIPMENTOS ADD CONSTRAINT FK_EQUIPOS FOREIGN KEY (OSID) REFERENCES OSVERSIONS(ID);

INSERT INTO EQUIPMENTOS (ID, DESCRIPTION, OSID) VALUES (31, 'ANDROID', 21);
INSERT INTO EQUIPMENTOS (ID, DESCRIPTION, OSID) VALUES (32, 'ANDROID', 22);
INSERT INTO EQUIPMENTOS (ID, DESCRIPTION, OSID) VALUES (33, 'ANDROID', 23);
INSERT INTO EQUIPMENTOS (ID, DESCRIPTION, OSID) VALUES (34, 'ANDROID', 24);
INSERT INTO EQUIPMENTOS (ID, DESCRIPTION, OSID) VALUES (35, 'ANDROID', 25);

CREATE TABLE EQUIPMENTBRANDS(
ID INTEGER NOT NULL,
DESCRIPTION VARCHAR(100) NOT NULL,
PRIMARY KEY(ID)
);

INSERT INTO EQUIPMENTBRANDS (ID, DESCRIPTION) VALUES (41, 'LENOVO');
INSERT INTO EQUIPMENTBRANDS (ID, DESCRIPTION) VALUES (42, 'MOTOROLA');
INSERT INTO EQUIPMENTBRANDS (ID, DESCRIPTION) VALUES (43, 'LG');
INSERT INTO EQUIPMENTBRANDS (ID, DESCRIPTION) VALUES (44, 'SAMSUNG');

CREATE TABLE EQUIPMENTS(
ID INTEGER NOT NULL,
MEMORYAMOUNT INTEGER NOT NULL,
OSID INTEGER NOT NULL,
BRANDID INTEGER NOT NULL,
MODELID INTEGER NOT NULL,
PRIMARY KEY(ID)
);
ALTER TABLE EQUIPMENTS ADD CONSTRAINT FK_EQUIPOSE FOREIGN KEY (OSID) REFERENCES EQUIPMENTOS(ID);
ALTER TABLE EQUIPMENTS ADD CONSTRAINT FK_EQUIPBRA FOREIGN KEY (BRANDID) REFERENCES EQUIPMENTBRANDS(ID);
ALTER TABLE EQUIPMENTS ADD CONSTRAINT FK_EQUIPMOD FOREIGN KEY (MODELID) REFERENCES EQUIPMENTMODELS(ID);

INSERT INTO EQUIPMENTS (ID, MEMORYAMOUNT, OSID, BRANDID, MODELID) VALUES (51, 13209, 31, 41, 10);
INSERT INTO EQUIPMENTS (ID, MEMORYAMOUNT, OSID, BRANDID, MODELID) VALUES (52, 11236, 32, 41, 11);
INSERT INTO EQUIPMENTS (ID, MEMORYAMOUNT, OSID, BRANDID, MODELID) VALUES (53, 13256, 33, 42, 12);
INSERT INTO EQUIPMENTS (ID, MEMORYAMOUNT, OSID, BRANDID, MODELID) VALUES (54, 13256, 34, 43, 13);
INSERT INTO EQUIPMENTS (ID, MEMORYAMOUNT, OSID, BRANDID, MODELID) VALUES (55, 13256, 34, 44, 14);
INSERT INTO EQUIPMENTS (ID, MEMORYAMOUNT, OSID, BRANDID, MODELID) VALUES (56, 13209, 31, 42, 12);
INSERT INTO EQUIPMENTS (ID, MEMORYAMOUNT, OSID, BRANDID, MODELID) VALUES (57, 16209, 35, 42, 12);

CREATE TABLE EQUIPMENTCOLLECTED(
ID INTEGER NOT NULL,
EQUIPMENTID INTEGER NOT NULL,
DTCOL DATETIME NOT NULL,
USERTAG VARCHAR(50) NOT NULL,
LICENSEID INTEGER NOT NULL,
PRIMARY KEY(ID)
);
ALTER TABLE EQUIPMENTCOLLECTED ADD CONSTRAINT FK_EQUIPCOLEQ FOREIGN KEY (EQUIPMENTID) REFERENCES EQUIPMENTS(ID);
ALTER TABLE EQUIPMENTCOLLECTED ADD CONSTRAINT FK_EQUIPCOLLIC FOREIGN KEY (LICENSEID) REFERENCES LICENSE(ID);

INSERT INTO EQUIPMENTCOLLECTED (ID, EQUIPMENTID, DTCOL, USERTAG, LICENSEID) VALUES (61, 51, '2015-03-01 00:00:00', 'EQP1', 5000);
INSERT INTO EQUIPMENTCOLLECTED (ID, EQUIPMENTID, DTCOL, USERTAG, LICENSEID) VALUES (62, 51, '2015-10-01 00:00:00', 'EQP1', 5000);
INSERT INTO EQUIPMENTCOLLECTED (ID, EQUIPMENTID, DTCOL, USERTAG, LICENSEID) VALUES (63, 52, '2016-03-01 00:00:00', 'EQP1', 5000);
INSERT INTO EQUIPMENTCOLLECTED (ID, EQUIPMENTID, DTCOL, USERTAG, LICENSEID) VALUES (64, 52, '2016-10-01 00:00:00', 'EQP1', 5000);
INSERT INTO EQUIPMENTCOLLECTED (ID, EQUIPMENTID, DTCOL, USERTAG, LICENSEID) VALUES (65, 52, '2017-03-01 00:00:00', 'EQP1', 5000);
INSERT INTO EQUIPMENTCOLLECTED (ID, EQUIPMENTID, DTCOL, USERTAG, LICENSEID) VALUES (66, 52, '2017-10-01 00:00:00', 'EQP1', 5000);
INSERT INTO EQUIPMENTCOLLECTED (ID, EQUIPMENTID, DTCOL, USERTAG, LICENSEID) VALUES (67, 53, '2018-03-01 00:00:00', 'EQP1', 5000);
INSERT INTO EQUIPMENTCOLLECTED (ID, EQUIPMENTID, DTCOL, USERTAG, LICENSEID) VALUES (135, 53, '2015-03-01 00:00:00', 'EQP2', 5000);
INSERT INTO EQUIPMENTCOLLECTED (ID, EQUIPMENTID, DTCOL, USERTAG, LICENSEID) VALUES (137, 53, '2015-10-01 00:00:00', 'EQP2', 5000);
INSERT INTO EQUIPMENTCOLLECTED (ID, EQUIPMENTID, DTCOL, USERTAG, LICENSEID) VALUES (138, 53, '2016-03-01 00:00:00', 'EQP2', 5000);
INSERT INTO EQUIPMENTCOLLECTED (ID, EQUIPMENTID, DTCOL, USERTAG, LICENSEID) VALUES (139, 54, '2016-10-01 00:00:00', 'EQP2', 5000);
INSERT INTO EQUIPMENTCOLLECTED (ID, EQUIPMENTID, DTCOL, USERTAG, LICENSEID) VALUES (140, 55, '2017-03-01 00:00:00', 'EQP2', 5000);
INSERT INTO EQUIPMENTCOLLECTED (ID, EQUIPMENTID, DTCOL, USERTAG, LICENSEID) VALUES (141, 55, '2017-10-01 00:00:00', 'EQP2', 5000);
INSERT INTO EQUIPMENTCOLLECTED (ID, EQUIPMENTID, DTCOL, USERTAG, LICENSEID) VALUES (142, 55, '2018-03-01 00:00:00', 'EQP2', 5000);
INSERT INTO EQUIPMENTCOLLECTED (ID, EQUIPMENTID, DTCOL, USERTAG, LICENSEID) VALUES (69, 54, '2015-03-01 00:00:00', 'EQPA', 5001);
INSERT INTO EQUIPMENTCOLLECTED (ID, EQUIPMENTID, DTCOL, USERTAG, LICENSEID) VALUES (70, 54, '2015-10-01 00:00:00', 'EQPA', 5001);
INSERT INTO EQUIPMENTCOLLECTED (ID, EQUIPMENTID, DTCOL, USERTAG, LICENSEID) VALUES (71, 54, '2016-03-01 00:00:00', 'EQPA', 5001);
INSERT INTO EQUIPMENTCOLLECTED (ID, EQUIPMENTID, DTCOL, USERTAG, LICENSEID) VALUES (72, 54, '2016-10-01 00:00:00', 'EQPA', 5001);
INSERT INTO EQUIPMENTCOLLECTED (ID, EQUIPMENTID, DTCOL, USERTAG, LICENSEID) VALUES (73, 55, '2017-03-01 00:00:00', 'EQPA', 5001);
INSERT INTO EQUIPMENTCOLLECTED (ID, EQUIPMENTID, DTCOL, USERTAG, LICENSEID) VALUES (74, 55, '2017-10-01 00:00:00', 'EQPA', 5001);
INSERT INTO EQUIPMENTCOLLECTED (ID, EQUIPMENTID, DTCOL, USERTAG, LICENSEID) VALUES (75, 55, '2018-03-01 00:00:00', 'EQPA', 5001);
INSERT INTO EQUIPMENTCOLLECTED (ID, EQUIPMENTID, DTCOL, USERTAG, LICENSEID) VALUES (76, 52, '2015-03-01 00:00:00', 'EQPB', 5001);
INSERT INTO EQUIPMENTCOLLECTED (ID, EQUIPMENTID, DTCOL, USERTAG, LICENSEID) VALUES (77, 52, '2015-10-01 00:00:00', 'EQPB', 5001);
INSERT INTO EQUIPMENTCOLLECTED (ID, EQUIPMENTID, DTCOL, USERTAG, LICENSEID) VALUES (78, 52, '2016-03-01 00:00:00', 'EQPB', 5001);
INSERT INTO EQUIPMENTCOLLECTED (ID, EQUIPMENTID, DTCOL, USERTAG, LICENSEID) VALUES (79, 54, '2016-10-01 00:00:00', 'EQPB', 5001);
INSERT INTO EQUIPMENTCOLLECTED (ID, EQUIPMENTID, DTCOL, USERTAG, LICENSEID) VALUES (80, 55, '2017-03-01 00:00:00', 'EQPB', 5001);
INSERT INTO EQUIPMENTCOLLECTED (ID, EQUIPMENTID, DTCOL, USERTAG, LICENSEID) VALUES (81, 55, '2017-10-01 00:00:00', 'EQPB', 5001);
INSERT INTO EQUIPMENTCOLLECTED (ID, EQUIPMENTID, DTCOL, USERTAG, LICENSEID) VALUES (82, 55, '2018-03-01 00:00:00', 'EQPB', 5001);
INSERT INTO EQUIPMENTCOLLECTED (ID, EQUIPMENTID, DTCOL, USERTAG, LICENSEID) VALUES (83, 51, '2015-03-01 00:00:00', 'EQPW', 5002);
INSERT INTO EQUIPMENTCOLLECTED (ID, EQUIPMENTID, DTCOL, USERTAG, LICENSEID) VALUES (84, 51, '2015-10-01 00:00:00', 'EQPW', 5002);
INSERT INTO EQUIPMENTCOLLECTED (ID, EQUIPMENTID, DTCOL, USERTAG, LICENSEID) VALUES (85, 51, '2016-03-01 00:00:00', 'EQPW', 5002);
INSERT INTO EQUIPMENTCOLLECTED (ID, EQUIPMENTID, DTCOL, USERTAG, LICENSEID) VALUES (86, 51, '2016-10-01 00:00:00', 'EQPW', 5002);
INSERT INTO EQUIPMENTCOLLECTED (ID, EQUIPMENTID, DTCOL, USERTAG, LICENSEID) VALUES (87, 51, '2017-03-01 00:00:00', 'EQPW', 5002);
INSERT INTO EQUIPMENTCOLLECTED (ID, EQUIPMENTID, DTCOL, USERTAG, LICENSEID) VALUES (88, 55, '2017-10-01 00:00:00', 'EQPW', 5002);
INSERT INTO EQUIPMENTCOLLECTED (ID, EQUIPMENTID, DTCOL, USERTAG, LICENSEID) VALUES (89, 55, '2018-03-01 00:00:00', 'EQPW', 5002);
INSERT INTO EQUIPMENTCOLLECTED (ID, EQUIPMENTID, DTCOL, USERTAG, LICENSEID) VALUES (90, 53, '2015-03-01 00:00:00', 'EQPZ', 5002);
INSERT INTO EQUIPMENTCOLLECTED (ID, EQUIPMENTID, DTCOL, USERTAG, LICENSEID) VALUES (91, 53, '2015-10-01 00:00:00', 'EQPZ', 5002);
INSERT INTO EQUIPMENTCOLLECTED (ID, EQUIPMENTID, DTCOL, USERTAG, LICENSEID) VALUES (92, 53, '2016-03-01 00:00:00', 'EQPZ', 5002);
INSERT INTO EQUIPMENTCOLLECTED (ID, EQUIPMENTID, DTCOL, USERTAG, LICENSEID) VALUES (93, 53, '2016-10-01 00:00:00', 'EQPZ', 5002);
INSERT INTO EQUIPMENTCOLLECTED (ID, EQUIPMENTID, DTCOL, USERTAG, LICENSEID) VALUES (94, 53, '2017-03-01 00:00:00', 'EQPZ', 5002);
INSERT INTO EQUIPMENTCOLLECTED (ID, EQUIPMENTID, DTCOL, USERTAG, LICENSEID) VALUES (95, 54, '2017-10-01 00:00:00', 'EQPZ', 5002);
INSERT INTO EQUIPMENTCOLLECTED (ID, EQUIPMENTID, DTCOL, USERTAG, LICENSEID) VALUES (96, 55, '2018-03-01 00:00:00', 'EQPZ', 5002);
INSERT INTO EQUIPMENTCOLLECTED (ID, EQUIPMENTID, DTCOL, USERTAG, LICENSEID) VALUES (97, 51, '2015-03-01 00:00:00', 'EQPK', 5003);
INSERT INTO EQUIPMENTCOLLECTED (ID, EQUIPMENTID, DTCOL, USERTAG, LICENSEID) VALUES (98, 51, '2015-10-01 00:00:00', 'EQPK', 5003);
INSERT INTO EQUIPMENTCOLLECTED (ID, EQUIPMENTID, DTCOL, USERTAG, LICENSEID) VALUES (99, 52, '2016-03-01 00:00:00', 'EQPK', 5003);
INSERT INTO EQUIPMENTCOLLECTED (ID, EQUIPMENTID, DTCOL, USERTAG, LICENSEID) VALUES (100, 51, '2015-03-01 00:00:00', 'EQPV', 5004);
INSERT INTO EQUIPMENTCOLLECTED (ID, EQUIPMENTID, DTCOL, USERTAG, LICENSEID) VALUES (101, 53, '2015-10-01 00:00:00', 'EQPV', 5004);
INSERT INTO EQUIPMENTCOLLECTED (ID, EQUIPMENTID, DTCOL, USERTAG, LICENSEID) VALUES (102, 53, '2016-03-01 00:00:00', 'EQPV', 5004);
INSERT INTO EQUIPMENTCOLLECTED (ID, EQUIPMENTID, DTCOL, USERTAG, LICENSEID) VALUES (103, 54, '2016-10-01 00:00:00', 'EQPV', 5004);
INSERT INTO EQUIPMENTCOLLECTED (ID, EQUIPMENTID, DTCOL, USERTAG, LICENSEID) VALUES (104, 54, '2017-03-01 00:00:00', 'EQPV', 5004);
INSERT INTO EQUIPMENTCOLLECTED (ID, EQUIPMENTID, DTCOL, USERTAG, LICENSEID) VALUES (105, 54, '2017-10-01 00:00:00', 'EQPV', 5004);
INSERT INTO EQUIPMENTCOLLECTED (ID, EQUIPMENTID, DTCOL, USERTAG, LICENSEID) VALUES (106, 55, '2018-03-01 00:00:00', 'EQPV', 5004);
INSERT INTO EQUIPMENTCOLLECTED (ID, EQUIPMENTID, DTCOL, USERTAG, LICENSEID) VALUES (107, 51, '2015-03-01 00:00:00', 'EQPL', 5005);
INSERT INTO EQUIPMENTCOLLECTED (ID, EQUIPMENTID, DTCOL, USERTAG, LICENSEID) VALUES (108, 51, '2015-10-01 00:00:00', 'EQPL', 5005);
INSERT INTO EQUIPMENTCOLLECTED (ID, EQUIPMENTID, DTCOL, USERTAG, LICENSEID) VALUES (109, 52, '2016-03-01 00:00:00', 'EQPL', 5005);
INSERT INTO EQUIPMENTCOLLECTED (ID, EQUIPMENTID, DTCOL, USERTAG, LICENSEID) VALUES (110, 53, '2016-10-01 00:00:00', 'EQPL', 5005);
INSERT INTO EQUIPMENTCOLLECTED (ID, EQUIPMENTID, DTCOL, USERTAG, LICENSEID) VALUES (111, 54, '2017-03-01 00:00:00', 'EQPL', 5005);
INSERT INTO EQUIPMENTCOLLECTED (ID, EQUIPMENTID, DTCOL, USERTAG, LICENSEID) VALUES (112, 54, '2017-10-01 00:00:00', 'EQPL', 5005);
INSERT INTO EQUIPMENTCOLLECTED (ID, EQUIPMENTID, DTCOL, USERTAG, LICENSEID) VALUES (113, 55, '2018-03-01 00:00:00', 'EQPL', 5005);
INSERT INTO EQUIPMENTCOLLECTED (ID, EQUIPMENTID, DTCOL, USERTAG, LICENSEID) VALUES (114, 51, '2015-03-01 00:00:00', 'EQP5', 5006);
INSERT INTO EQUIPMENTCOLLECTED (ID, EQUIPMENTID, DTCOL, USERTAG, LICENSEID) VALUES (115, 51, '2015-10-01 00:00:00', 'EQP5', 5006);
INSERT INTO EQUIPMENTCOLLECTED (ID, EQUIPMENTID, DTCOL, USERTAG, LICENSEID) VALUES (116, 52, '2016-03-01 00:00:00', 'EQP5', 5006);
INSERT INTO EQUIPMENTCOLLECTED (ID, EQUIPMENTID, DTCOL, USERTAG, LICENSEID) VALUES (117, 53, '2016-10-01 00:00:00', 'EQP5', 5006);
INSERT INTO EQUIPMENTCOLLECTED (ID, EQUIPMENTID, DTCOL, USERTAG, LICENSEID) VALUES (118, 54, '2017-03-01 00:00:00', 'EQP5', 5006);
INSERT INTO EQUIPMENTCOLLECTED (ID, EQUIPMENTID, DTCOL, USERTAG, LICENSEID) VALUES (119, 54, '2017-10-01 00:00:00', 'EQP5', 5006);
INSERT INTO EQUIPMENTCOLLECTED (ID, EQUIPMENTID, DTCOL, USERTAG, LICENSEID) VALUES (120, 55, '2018-03-01 00:00:00', 'EQP5', 5006);
INSERT INTO EQUIPMENTCOLLECTED (ID, EQUIPMENTID, DTCOL, USERTAG, LICENSEID) VALUES (121, 54, '2015-03-01 00:00:00', 'EQP7', 5007);
INSERT INTO EQUIPMENTCOLLECTED (ID, EQUIPMENTID, DTCOL, USERTAG, LICENSEID) VALUES (122, 54, '2015-10-01 00:00:00', 'EQP7', 5007);
INSERT INTO EQUIPMENTCOLLECTED (ID, EQUIPMENTID, DTCOL, USERTAG, LICENSEID) VALUES (123, 54, '2016-03-01 00:00:00', 'EQP7', 5007);
INSERT INTO EQUIPMENTCOLLECTED (ID, EQUIPMENTID, DTCOL, USERTAG, LICENSEID) VALUES (124, 55, '2016-10-01 00:00:00', 'EQP7', 5007);
INSERT INTO EQUIPMENTCOLLECTED (ID, EQUIPMENTID, DTCOL, USERTAG, LICENSEID) VALUES (125, 55, '2017-03-01 00:00:00', 'EQP7', 5007);
INSERT INTO EQUIPMENTCOLLECTED (ID, EQUIPMENTID, DTCOL, USERTAG, LICENSEID) VALUES (126, 55, '2017-10-01 00:00:00', 'EQP7', 5007);
INSERT INTO EQUIPMENTCOLLECTED (ID, EQUIPMENTID, DTCOL, USERTAG, LICENSEID) VALUES (127, 55, '2018-03-01 00:00:00', 'EQP7', 5007);
INSERT INTO EQUIPMENTCOLLECTED (ID, EQUIPMENTID, DTCOL, USERTAG, LICENSEID) VALUES (128, 51, '2015-03-01 00:00:00', 'EQP8', 5008);
INSERT INTO EQUIPMENTCOLLECTED (ID, EQUIPMENTID, DTCOL, USERTAG, LICENSEID) VALUES (129, 51, '2015-10-01 00:00:00', 'EQP8', 5008);
INSERT INTO EQUIPMENTCOLLECTED (ID, EQUIPMENTID, DTCOL, USERTAG, LICENSEID) VALUES (130, 51, '2016-03-01 00:00:00', 'EQP8', 5008);
INSERT INTO EQUIPMENTCOLLECTED (ID, EQUIPMENTID, DTCOL, USERTAG, LICENSEID) VALUES (131, 51, '2016-10-01 00:00:00', 'EQP8', 5008);
INSERT INTO EQUIPMENTCOLLECTED (ID, EQUIPMENTID, DTCOL, USERTAG, LICENSEID) VALUES (132, 52, '2017-03-01 00:00:00', 'EQP8', 5008);
INSERT INTO EQUIPMENTCOLLECTED (ID, EQUIPMENTID, DTCOL, USERTAG, LICENSEID) VALUES (133, 52, '2017-10-01 00:00:00', 'EQP8', 5008);
INSERT INTO EQUIPMENTCOLLECTED (ID, EQUIPMENTID, DTCOL, USERTAG, LICENSEID) VALUES (134, 52, '2018-03-01 00:00:00', 'EQP8', 5008);
INSERT INTO EQUIPMENTCOLLECTED (ID, EQUIPMENTID, DTCOL, USERTAG, LICENSEID) VALUES (143, 51, '2015-03-01 00:00:00', 'EQP9', 5008);
INSERT INTO EQUIPMENTCOLLECTED (ID, EQUIPMENTID, DTCOL, USERTAG, LICENSEID) VALUES (144, 51, '2015-10-01 00:00:00', 'EQP9', 5008);
INSERT INTO EQUIPMENTCOLLECTED (ID, EQUIPMENTID, DTCOL, USERTAG, LICENSEID) VALUES (145, 51, '2016-03-01 00:00:00', 'EQP9', 5008);
INSERT INTO EQUIPMENTCOLLECTED (ID, EQUIPMENTID, DTCOL, USERTAG, LICENSEID) VALUES (146, 51, '2016-10-01 00:00:00', 'EQP9', 5008);
INSERT INTO EQUIPMENTCOLLECTED (ID, EQUIPMENTID, DTCOL, USERTAG, LICENSEID) VALUES (147, 54, '2017-03-01 00:00:00', 'EQP9', 5008);
INSERT INTO EQUIPMENTCOLLECTED (ID, EQUIPMENTID, DTCOL, USERTAG, LICENSEID) VALUES (148, 54, '2017-10-01 00:00:00', 'EQP9', 5008);
INSERT INTO EQUIPMENTCOLLECTED (ID, EQUIPMENTID, DTCOL, USERTAG, LICENSEID) VALUES (149, 54, '2018-03-01 00:00:00', 'EQP9', 5008);
INSERT INTO EQUIPMENTCOLLECTED (ID, EQUIPMENTID, DTCOL, USERTAG, LICENSEID) VALUES (150, 51, '2015-03-01 00:00:00', 'EQP10', 5008);
INSERT INTO EQUIPMENTCOLLECTED (ID, EQUIPMENTID, DTCOL, USERTAG, LICENSEID) VALUES (151, 51, '2015-10-01 00:00:00', 'EQP10', 5008);
INSERT INTO EQUIPMENTCOLLECTED (ID, EQUIPMENTID, DTCOL, USERTAG, LICENSEID) VALUES (152, 51, '2016-03-01 00:00:00', 'EQP10', 5008);
INSERT INTO EQUIPMENTCOLLECTED (ID, EQUIPMENTID, DTCOL, USERTAG, LICENSEID) VALUES (153, 51, '2016-10-01 00:00:00', 'EQP10', 5008);
INSERT INTO EQUIPMENTCOLLECTED (ID, EQUIPMENTID, DTCOL, USERTAG, LICENSEID) VALUES (154, 53, '2017-03-01 00:00:00', 'EQP10', 5008);
INSERT INTO EQUIPMENTCOLLECTED (ID, EQUIPMENTID, DTCOL, USERTAG, LICENSEID) VALUES (155, 53, '2017-10-01 00:00:00', 'EQP10', 5008);
INSERT INTO EQUIPMENTCOLLECTED (ID, EQUIPMENTID, DTCOL, USERTAG, LICENSEID) VALUES (156, 53, '2018-03-01 00:00:00', 'EQP10', 5008);
INSERT INTO EQUIPMENTCOLLECTED (ID, EQUIPMENTID, DTCOL, USERTAG, LICENSEID) VALUES (157, 51, '2015-03-01 00:00:00', 'EQP11', 5008);
INSERT INTO EQUIPMENTCOLLECTED (ID, EQUIPMENTID, DTCOL, USERTAG, LICENSEID) VALUES (158, 51, '2015-10-01 00:00:00', 'EQP11', 5008);
INSERT INTO EQUIPMENTCOLLECTED (ID, EQUIPMENTID, DTCOL, USERTAG, LICENSEID) VALUES (159, 51, '2016-03-01 00:00:00', 'EQP11', 5008);
INSERT INTO EQUIPMENTCOLLECTED (ID, EQUIPMENTID, DTCOL, USERTAG, LICENSEID) VALUES (160, 51, '2016-10-01 00:00:00', 'EQP11', 5008);
INSERT INTO EQUIPMENTCOLLECTED (ID, EQUIPMENTID, DTCOL, USERTAG, LICENSEID) VALUES (161, 53, '2017-03-01 00:00:00', 'EQP11', 5008);
INSERT INTO EQUIPMENTCOLLECTED (ID, EQUIPMENTID, DTCOL, USERTAG, LICENSEID) VALUES (162, 53, '2017-10-01 00:00:00', 'EQP11', 5008);
INSERT INTO EQUIPMENTCOLLECTED (ID, EQUIPMENTID, DTCOL, USERTAG, LICENSEID) VALUES (163, 53, '2018-03-01 00:00:00', 'EQP11', 5008);
INSERT INTO EQUIPMENTCOLLECTED (ID, EQUIPMENTID, DTCOL, USERTAG, LICENSEID) VALUES (164, 51, '2015-03-01 00:00:00', 'EQP12', 5008);
INSERT INTO EQUIPMENTCOLLECTED (ID, EQUIPMENTID, DTCOL, USERTAG, LICENSEID) VALUES (165, 51, '2015-10-01 00:00:00', 'EQP12', 5008);
INSERT INTO EQUIPMENTCOLLECTED (ID, EQUIPMENTID, DTCOL, USERTAG, LICENSEID) VALUES (166, 51, '2016-03-01 00:00:00', 'EQP12', 5008);
INSERT INTO EQUIPMENTCOLLECTED (ID, EQUIPMENTID, DTCOL, USERTAG, LICENSEID) VALUES (167, 51, '2016-10-01 00:00:00', 'EQP12', 5008);
INSERT INTO EQUIPMENTCOLLECTED (ID, EQUIPMENTID, DTCOL, USERTAG, LICENSEID) VALUES (168, 56, '2017-03-01 00:00:00', 'EQP12', 5008);
INSERT INTO EQUIPMENTCOLLECTED (ID, EQUIPMENTID, DTCOL, USERTAG, LICENSEID) VALUES (169, 56, '2017-10-01 00:00:00', 'EQP12', 5008);
INSERT INTO EQUIPMENTCOLLECTED (ID, EQUIPMENTID, DTCOL, USERTAG, LICENSEID) VALUES (170, 56, '2018-03-01 00:00:00', 'EQP12', 5008);
INSERT INTO EQUIPMENTCOLLECTED (ID, EQUIPMENTID, DTCOL, USERTAG, LICENSEID) VALUES (171, 51, '2015-03-01 00:00:00', 'EQP13', 5008);
INSERT INTO EQUIPMENTCOLLECTED (ID, EQUIPMENTID, DTCOL, USERTAG, LICENSEID) VALUES (172, 52, '2015-10-01 00:00:00', 'EQP13', 5008);
INSERT INTO EQUIPMENTCOLLECTED (ID, EQUIPMENTID, DTCOL, USERTAG, LICENSEID) VALUES (173, 53, '2016-03-01 00:00:00', 'EQP13', 5008);
INSERT INTO EQUIPMENTCOLLECTED (ID, EQUIPMENTID, DTCOL, USERTAG, LICENSEID) VALUES (174, 54, '2016-10-01 00:00:00', 'EQP13', 5008);
INSERT INTO EQUIPMENTCOLLECTED (ID, EQUIPMENTID, DTCOL, USERTAG, LICENSEID) VALUES (175, 57, '2017-03-01 00:00:00', 'EQP13', 5008);
INSERT INTO EQUIPMENTCOLLECTED (ID, EQUIPMENTID, DTCOL, USERTAG, LICENSEID) VALUES (176, 57, '2017-10-01 00:00:00', 'EQP13', 5008);
INSERT INTO EQUIPMENTCOLLECTED (ID, EQUIPMENTID, DTCOL, USERTAG, LICENSEID) VALUES (177, 57, '2018-03-01 00:00:00', 'EQP13', 5008);
INSERT INTO EQUIPMENTCOLLECTED (ID, EQUIPMENTID, DTCOL, USERTAG, LICENSEID) VALUES (178, 51, '2015-03-01 00:00:00', 'EQP14', 5008);
INSERT INTO EQUIPMENTCOLLECTED (ID, EQUIPMENTID, DTCOL, USERTAG, LICENSEID) VALUES (179, 52, '2015-10-01 00:00:00', 'EQP14', 5008);
INSERT INTO EQUIPMENTCOLLECTED (ID, EQUIPMENTID, DTCOL, USERTAG, LICENSEID) VALUES (180, 53, '2016-03-01 00:00:00', 'EQP14', 5008);
INSERT INTO EQUIPMENTCOLLECTED (ID, EQUIPMENTID, DTCOL, USERTAG, LICENSEID) VALUES (181, 54, '2016-10-01 00:00:00', 'EQP14', 5008);
INSERT INTO EQUIPMENTCOLLECTED (ID, EQUIPMENTID, DTCOL, USERTAG, LICENSEID) VALUES (182, 56, '2017-03-01 00:00:00', 'EQP14', 5008);
INSERT INTO EQUIPMENTCOLLECTED (ID, EQUIPMENTID, DTCOL, USERTAG, LICENSEID) VALUES (183, 56, '2017-10-01 00:00:00', 'EQP14', 5008);
INSERT INTO EQUIPMENTCOLLECTED (ID, EQUIPMENTID, DTCOL, USERTAG, LICENSEID) VALUES (184, 57, '2018-03-01 00:00:00', 'EQP14', 5008);
INSERT INTO EQUIPMENTCOLLECTED (ID, EQUIPMENTID, DTCOL, USERTAG, LICENSEID) VALUES (185, 51, '2015-03-01 00:00:00', 'EQP15', 5008);
INSERT INTO EQUIPMENTCOLLECTED (ID, EQUIPMENTID, DTCOL, USERTAG, LICENSEID) VALUES (186, 53, '2015-10-01 00:00:00', 'EQP15', 5008);
INSERT INTO EQUIPMENTCOLLECTED (ID, EQUIPMENTID, DTCOL, USERTAG, LICENSEID) VALUES (187, 53, '2016-03-01 00:00:00', 'EQP15', 5008);
INSERT INTO EQUIPMENTCOLLECTED (ID, EQUIPMENTID, DTCOL, USERTAG, LICENSEID) VALUES (188, 53, '2016-10-01 00:00:00', 'EQP15', 5008);
INSERT INTO EQUIPMENTCOLLECTED (ID, EQUIPMENTID, DTCOL, USERTAG, LICENSEID) VALUES (189, 54, '2017-03-01 00:00:00', 'EQP15', 5008);
INSERT INTO EQUIPMENTCOLLECTED (ID, EQUIPMENTID, DTCOL, USERTAG, LICENSEID) VALUES (190, 56, '2017-10-01 00:00:00', 'EQP15', 5008);
INSERT INTO EQUIPMENTCOLLECTED (ID, EQUIPMENTID, DTCOL, USERTAG, LICENSEID) VALUES (191, 57, '2018-03-01 00:00:00', 'EQP15', 5008);
INSERT INTO EQUIPMENTCOLLECTED (ID, EQUIPMENTID, DTCOL, USERTAG, LICENSEID) VALUES (192, 51, '2015-03-01 00:00:00', 'EQP16', 5008);
INSERT INTO EQUIPMENTCOLLECTED (ID, EQUIPMENTID, DTCOL, USERTAG, LICENSEID) VALUES (193, 51, '2015-10-01 00:00:00', 'EQP16', 5008);
INSERT INTO EQUIPMENTCOLLECTED (ID, EQUIPMENTID, DTCOL, USERTAG, LICENSEID) VALUES (194, 51, '2016-03-01 00:00:00', 'EQP16', 5008);
INSERT INTO EQUIPMENTCOLLECTED (ID, EQUIPMENTID, DTCOL, USERTAG, LICENSEID) VALUES (195, 51, '2016-10-01 00:00:00', 'EQP16', 5008);
INSERT INTO EQUIPMENTCOLLECTED (ID, EQUIPMENTID, DTCOL, USERTAG, LICENSEID) VALUES (196, 51, '2017-03-01 00:00:00', 'EQP16', 5008);
INSERT INTO EQUIPMENTCOLLECTED (ID, EQUIPMENTID, DTCOL, USERTAG, LICENSEID) VALUES (197, 51, '2017-10-01 00:00:00', 'EQP16', 5008);
INSERT INTO EQUIPMENTCOLLECTED (ID, EQUIPMENTID, DTCOL, USERTAG, LICENSEID) VALUES (198, 57, '2018-03-01 00:00:00', 'EQP16', 5008);
INSERT INTO EQUIPMENTCOLLECTED (ID, EQUIPMENTID, DTCOL, USERTAG, LICENSEID) VALUES (199, 51, '2015-03-01 00:00:00', 'EQPV2', 5003);
INSERT INTO EQUIPMENTCOLLECTED (ID, EQUIPMENTID, DTCOL, USERTAG, LICENSEID) VALUES (200, 53, '2015-10-01 00:00:00', 'EQPV2', 5003);
INSERT INTO EQUIPMENTCOLLECTED (ID, EQUIPMENTID, DTCOL, USERTAG, LICENSEID) VALUES (201, 53, '2016-03-01 00:00:00', 'EQPV2', 5003);

